<?xml version="1.0" encoding="UTF-8"?>
<GenRun Id="impl_1" LaunchPart="xa7a35tcpg236-2I" LaunchTime="1714710648">
  <File Type="ROUTE-PWR" Name="two_player_top_power_routed.rpt"/>
  <File Type="PA-TCL" Name="two_player_top.tcl"/>
  <File Type="ROUTE-PWR-SUM" Name="two_player_top_power_summary_routed.pb"/>
  <File Type="REPORTS-TCL" Name="two_player_top_reports.tcl"/>
  <File Type="OPT-RQA-PB" Name="two_player_top_rqa_opted.pb"/>
  <File Type="BITSTR-MMI" Name="two_player_top.mmi"/>
  <File Type="OPT-METHODOLOGY-DRC" Name="two_player_top_methodology_drc_opted.rpt"/>
  <File Type="INIT-TIMING" Name="two_player_top_timing_summary_init.rpt"/>
  <File Type="OPT-TIMING" Name="two_player_top_timing_summary_opted.rpt"/>
  <File Type="OPT-DCP" Name="two_player_top_opt.dcp"/>
  <File Type="OPT-DRC" Name="two_player_top_drc_opted.rpt"/>
  <File Type="OPT-HWDEF" Name="two_player_top.hwdef"/>
  <File Type="PWROPT-DCP" Name="two_player_top_pwropt.dcp"/>
  <File Type="PWROPT-DRC" Name="two_player_top_drc_pwropted.rpt"/>
  <File Type="PWROPT-TIMING" Name="two_player_top_timing_summary_pwropted.rpt"/>
  <File Type="PLACE-DCP" Name="two_player_top_placed.dcp"/>
  <File Type="PLACE-IO" Name="two_player_top_io_placed.rpt"/>
  <File Type="PLACE-CLK" Name="two_player_top_clock_utilization_placed.rpt"/>
  <File Type="PLACE-UTIL" Name="two_player_top_utilization_placed.rpt"/>
  <File Type="PLACE-UTIL-PB" Name="two_player_top_utilization_placed.pb"/>
  <File Type="PLACE-CTRL" Name="two_player_top_control_sets_placed.rpt"/>
  <File Type="PLACE-SIMILARITY" Name="two_player_top_incremental_reuse_placed.rpt"/>
  <File Type="PLACE-PRE-SIMILARITY" Name="two_player_top_incremental_reuse_pre_placed.rpt"/>
  <File Type="BG-BIN" Name="two_player_top.bin"/>
  <File Type="PLACE-TIMING" Name="two_player_top_timing_summary_placed.rpt"/>
  <File Type="ROUTE-PWR-RPX" Name="two_player_top_power_routed.rpx"/>
  <File Type="PLACE-RQA-PB" Name="two_player_top_rqa_placed.pb"/>
  <File Type="POSTPLACE-PWROPT-DCP" Name="two_player_top_postplace_pwropt.dcp"/>
  <File Type="BITSTR-MSK" Name="two_player_top.msk"/>
  <File Type="POSTPLACE-PWROPT-TIMING" Name="two_player_top_timing_summary_postplace_pwropted.rpt"/>
  <File Type="PHYSOPT-DCP" Name="two_player_top_physopt.dcp"/>
  <File Type="PHYSOPT-DRC" Name="two_player_top_drc_physopted.rpt"/>
  <File Type="BITSTR-RBT" Name="two_player_top.rbt"/>
  <File Type="PHYSOPT-TIMING" Name="two_player_top_timing_summary_physopted.rpt"/>
  <File Type="ROUTE-ERROR-DCP" Name="two_player_top_routed_error.dcp"/>
  <File Type="ROUTE-DCP" Name="two_player_top_routed.dcp"/>
  <File Type="ROUTE-BLACKBOX-DCP" Name="two_player_top_routed_bb.dcp"/>
  <File Type="ROUTE-DRC" Name="two_player_top_drc_routed.rpt"/>
  <File Type="ROUTE-DRC-PB" Name="two_player_top_drc_routed.pb"/>
  <File Type="ROUTE-DRC-RPX" Name="two_player_top_drc_routed.rpx"/>
  <File Type="ROUTE-METHODOLOGY-DRC" Name="two_player_top_methodology_drc_routed.rpt"/>
  <File Type="ROUTE-METHODOLOGY-DRC-RPX" Name="two_player_top_methodology_drc_routed.rpx"/>
  <File Type="ROUTE-METHODOLOGY-DRC-PB" Name="two_player_top_methodology_drc_routed.pb"/>
  <File Type="ROUTE-RQS-PB" Name="two_player_top_rqs_routed.pb"/>
  <File Type="ROUTE-STATUS" Name="two_player_top_route_status.rpt"/>
  <File Type="ROUTE-STATUS-PB" Name="two_player_top_route_status.pb"/>
  <File Type="ROUTE-TIMINGSUMMARY" Name="two_player_top_timing_summary_routed.rpt"/>
  <File Type="ROUTE-TIMING-PB" Name="two_player_top_timing_summary_routed.pb"/>
  <File Type="ROUTE-TIMING-RPX" Name="two_player_top_timing_summary_routed.rpx"/>
  <File Type="ROUTE-SIMILARITY" Name="two_player_top_incremental_reuse_routed.rpt"/>
  <File Type="ROUTE-CLK" Name="two_player_top_clock_utilization_routed.rpt"/>
  <File Type="ROUTE-BUS-SKEW" Name="two_player_top_bus_skew_routed.rpt"/>
  <File Type="ROUTE-BUS-SKEW-PB" Name="two_player_top_bus_skew_routed.pb"/>
  <File Type="ROUTE-BUS-SKEW-RPX" Name="two_player_top_bus_skew_routed.rpx"/>
  <File Type="POSTROUTE-PHYSOPT-DCP" Name="two_player_top_postroute_physopt.dcp"/>
  <File Type="POSTROUTE-PHYSOPT-BLACKBOX-DCP" Name="two_player_top_postroute_physopt_bb.dcp"/>
  <File Type="POSTROUTE-PHYSOPT-TIMING" Name="two_player_top_timing_summary_postroute_physopted.rpt"/>
  <File Type="POSTROUTE-PHYSOPT-TIMING-PB" Name="two_player_top_timing_summary_postroute_physopted.pb"/>
  <File Type="POSTROUTE-PHYSOPT-TIMING-RPX" Name="two_player_top_timing_summary_postroute_physopted.rpx"/>
  <File Type="POSTROUTE-PHYSOPT-BUS-SKEW" Name="two_player_top_bus_skew_postroute_physopted.rpt"/>
  <File Type="BG-BIT" Name="two_player_top.bit"/>
  <File Type="POSTROUTE-PHYSOPT-BUS-SKEW-PB" Name="two_player_top_bus_skew_postroute_physopted.pb"/>
  <File Type="POSTROUTE-PHYSOPT-BUS-SKEW-RPX" Name="two_player_top_bus_skew_postroute_physopted.rpx"/>
  <File Type="BITSTR-NKY" Name="two_player_top.nky"/>
  <File Type="BITSTR-BMM" Name="two_player_top_bd.bmm"/>
  <File Type="PDI-FILE" Name="two_player_top.pdi"/>
  <File Type="BOOT-PDI-FILE" Name="two_player_top_boot.pdi"/>
  <File Type="PL-PDI-FILE" Name="two_player_top_pld.pdi"/>
  <File Type="RCFI_FILE" Name="two_player_top.rcfi"/>
  <File Type="CFI_FILE" Name="two_player_top.cfi"/>
  <File Type="RNPI_FILE" Name="two_player_top.rnpi"/>
  <File Type="NPI_FILE" Name="two_player_top.npi"/>
  <File Type="RBD_FILE" Name="two_player_top.rbd"/>
  <File Type="BITSTR-LTX" Name="debug_nets.ltx"/>
  <File Type="BITSTR-LTX" Name="two_player_top.ltx"/>
  <File Type="BITSTR-SYSDEF" Name="two_player_top.sysdef"/>
  <File Type="BG-BGN" Name="two_player_top.bgn"/>
  <File Type="BG-DRC" Name="two_player_top.drc"/>
  <File Type="RDI-RDI" Name="two_player_top.vdi"/>
  <File Type="WBT-USG" Name="usage_statistics_webtalk.html"/>
  <File Type="ROUTE-RQS" Name="two_player_top_routed.rqs"/>
  <File Type="POSTROUTE-PHYSOPT-RQS" Name="two_player_top_postroute_physopted.rqs"/>
  <File Type="ROUTE-RQS-RPT" Name="route_report_qor_suggestions_0.rpt"/>
  <File Type="POSTROUTE-PHYSOPT-RQS-RPT" Name="postroute_physopt_report_qor_suggestions_0.rpt"/>
  <FileSet Name="sources" Type="DesignSrcs" RelSrcDir="$PSRCDIR/sources_1" RelGenDir="$PGENDIR/sources_1">
    <Filter Type="Srcs"/>
    <File Path="$PSRCDIR/sources_1/new/battleship.vhd">
      <FileInfo>
        <Attr Name="UsedIn" Val="synthesis"/>
        <Attr Name="UsedIn" Val="simulation"/>
      </FileInfo>
    </File>
    <File Path="$PSRCDIR/sources_1/new/clock_div.vhd">
      <FileInfo>
        <Attr Name="UsedIn" Val="synthesis"/>
        <Attr Name="UsedIn" Val="simulation"/>
      </FileInfo>
    </File>
    <File Path="$PSRCDIR/sources_1/new/color_filler.vhd">
      <FileInfo>
        <Attr Name="UsedIn" Val="synthesis"/>
        <Attr Name="UsedIn" Val="simulation"/>
      </FileInfo>
    </File>
    <File Path="$PSRCDIR/sources_1/new/pixel pusher.vhd">
      <FileInfo>
        <Attr Name="UsedIn" Val="synthesis"/>
        <Attr Name="UsedIn" Val="simulation"/>
      </FileInfo>
    </File>
    <File Path="$PSRCDIR/sources_1/new/vga_ctrl.vhd">
      <FileInfo>
        <Attr Name="UsedIn" Val="synthesis"/>
        <Attr Name="UsedIn" Val="simulation"/>
      </FileInfo>
    </File>
    <File Path="$PSRCDIR/sources_1/new/image_top.vhd">
      <FileInfo>
        <Attr Name="UsedIn" Val="synthesis"/>
        <Attr Name="UsedIn" Val="simulation"/>
      </FileInfo>
    </File>
    <File Path="$PSRCDIR/sources_1/new/grid_controller.vhd">
      <FileInfo>
        <Attr Name="UsedIn" Val="synthesis"/>
        <Attr Name="UsedIn" Val="simulation"/>
      </FileInfo>
    </File>
    <File Path="$PSRCDIR/sources_1/new/uart.vhd">
      <FileInfo>
        <Attr Name="UsedIn" Val="synthesis"/>
        <Attr Name="UsedIn" Val="simulation"/>
      </FileInfo>
    </File>
    <File Path="$PSRCDIR/sources_1/bd/battleship_top/battleship_top.bd">
      <FileInfo>
        <Attr Name="UsedIn" Val="synthesis"/>
        <Attr Name="UsedIn" Val="implementation"/>
        <Attr Name="UsedIn" Val="simulation"/>
      </FileInfo>
    </File>
    <File Path="$PGENDIR/sources_1/bd/battleship_top/hdl/battleship_top_wrapper.vhd">
      <FileInfo>
        <Attr Name="UsedIn" Val="synthesis"/>
        <Attr Name="UsedIn" Val="simulation"/>
      </FileInfo>
    </File>
    <File Path="$PSRCDIR/sources_1/new/two_player_top.vhd">
      <FileInfo>
        <Attr Name="UsedIn" Val="synthesis"/>
        <Attr Name="UsedIn" Val="simulation"/>
      </FileInfo>
    </File>
    <File Path="$PSRCDIR/sources_1/new/edge_detector.vhd">
      <FileInfo>
        <Attr Name="AutoDisabled" Val="1"/>
        <Attr Name="UsedIn" Val="synthesis"/>
        <Attr Name="UsedIn" Val="simulation"/>
      </FileInfo>
    </File>
    <File Path="$PSRCDIR/sources_1/new/keypad_ctrl.vhd">
      <FileInfo>
        <Attr Name="AutoDisabled" Val="1"/>
        <Attr Name="UsedIn" Val="synthesis"/>
        <Attr Name="UsedIn" Val="simulation"/>
      </FileInfo>
    </File>
    <File Path="$PSRCDIR/sources_1/new/screen_ctrl.vhd">
      <FileInfo>
        <Attr Name="AutoDisabled" Val="1"/>
        <Attr Name="UsedIn" Val="synthesis"/>
        <Attr Name="UsedIn" Val="simulation"/>
      </FileInfo>
    </File>
    <Config>
      <Option Name="DesignMode" Val="RTL"/>
      <Option Name="TopModule" Val="two_player_top"/>
    </Config>
  </FileSet>
  <FileSet Name="constrs_in" Type="Constrs" RelSrcDir="$PSRCDIR/constrs_1" RelGenDir="$PGENDIR/constrs_1">
    <Filter Type="Constrs"/>
    <File Path="$PSRCDIR/constrs_1/new/const.xdc">
      <FileInfo>
        <Attr Name="UsedIn" Val="synthesis"/>
        <Attr Name="UsedIn" Val="implementation"/>
      </FileInfo>
    </File>
    <Config>
      <Option Name="ConstrsType" Val="XDC"/>
    </Config>
  </FileSet>
  <FileSet Name="utils" Type="Utils" RelSrcDir="$PSRCDIR/utils_1" RelGenDir="$PGENDIR/utils_1">
    <Filter Type="Utils"/>
    <File Path="$PSRCDIR/utils_1/imports/synth_1/image_top.dcp">
      <FileInfo>
        <Attr Name="UsedIn" Val="synthesis"/>
        <Attr Name="UsedIn" Val="implementation"/>
        <Attr Name="UsedInSteps" Val="synth_1"/>
        <Attr Name="AutoDcp" Val="1"/>
      </FileInfo>
    </File>
    <Config>
      <Option Name="TopAutoSet" Val="TRUE"/>
    </Config>
  </FileSet>
  <Strategy Version="1" Minor="2">
    <StratHandle Name="Vivado Implementation Defaults" Flow="Vivado Implementation 2023">
      <Desc>Default settings for Implementation.</Desc>
    </StratHandle>
    <Step Id="init_design"/>
    <Step Id="opt_design"/>
    <Step Id="power_opt_design"/>
    <Step Id="place_design"/>
    <Step Id="post_place_power_opt_design"/>
    <Step Id="phys_opt_design"/>
    <Step Id="route_design"/>
    <Step Id="post_route_phys_opt_design"/>
    <Step Id="write_bitstream"/>
  </Strategy>
  <BlockFileSet Type="BlockSrcs" Name="battleship_top_uart_0_0"/>
  <BlockFileSet Type="BlockSrcs" Name="battleship_top_battleship_controller_0_0"/>
  <BlockFileSet Type="BlockSrcs" Name="battleship_top_clock_div_uart_0_0"/>
  <BlockFileSet Type="BlockSrcs" Name="battleship_top_grid_controller_0_0"/>
  <BlockFileSet Type="BlockSrcs" Name="battleship_top_image_top_0_0"/>
</GenRun>
