<?xml version="1.0"?>
<Runs Version="1" Minor="0">
	<Run Id="battleship_top_image_top_0_0_synth_1" LaunchDir="C:/Users/12019/Desktop/Lab-5--main/Lab-5--main/project_1/project_3/project_3.runs/battleship_top_image_top_0_0_synth_1" FlowId="Vivado_Synthesis" FromStepId="vivado" ToStepId="vivado"/>
	<Run Id="battleship_top_battleship_controller_0_0_synth_1" LaunchDir="C:/Users/12019/Desktop/Lab-5--main/Lab-5--main/project_1/project_3/project_3.runs/battleship_top_battleship_controller_0_0_synth_1" FlowId="Vivado_Synthesis" FromStepId="vivado" ToStepId="vivado"/>
	<Run Id="synth_1" LaunchDir="C:/Users/12019/Desktop/Lab-5--main/Lab-5--main/project_1/project_3/project_3.runs/synth_1" FlowId="Vivado_Synthesis" FromStepId="vivado" ToStepId="vivado">
		<Parent Id="battleship_top_image_top_0_0_synth_1"/>
		<Parent Id="battleship_top_battleship_controller_0_0_synth_1"/>
	</Run>
	<Run Id="impl_1" LaunchDir="C:/Users/12019/Desktop/Lab-5--main/Lab-5--main/project_1/project_3/project_3.runs/impl_1" FlowId="Vivado_Implementation" FromStepId="init_design" ToStepId="write_bitstream">
		<Parent Id="synth_1"/>
		<Parent Id="battleship_top_image_top_0_0_synth_1"/>
		<Parent Id="battleship_top_battleship_controller_0_0_synth_1"/>
	</Run>
	<Parameters>
		<Parameter Name="runs.monitorLSFJobs" Val="true" Type="bool"/>
		<Parameter Name="runs.enableClusterConf" Val="true" Type="bool"/>
		<Parameter Name="general.shortenLongPath" Val="true" Type="bool"/>
	</Parameters>
	<ProductInfo Name="vivado"/>
</Runs>

