<?xml version="1.0" encoding="UTF-8"?>
<GenRun Id="battleship_top_grid_controller_0_0_synth_1" LaunchPart="xa7a35tcpg236-2I" LaunchTime="1714698057">
  <File Type="PA-TCL" Name="battleship_top_grid_controller_0_0.tcl"/>
  <File Type="REPORTS-TCL" Name="battleship_top_grid_controller_0_0_reports.tcl"/>
  <File Type="RDS-RDS" Name="battleship_top_grid_controller_0_0.vds"/>
  <File Type="RDS-UTIL" Name="battleship_top_grid_controller_0_0_utilization_synth.rpt"/>
  <File Type="RDS-UTIL-PB" Name="battleship_top_grid_controller_0_0_utilization_synth.pb"/>
  <File Type="RDS-DCP" Name="battleship_top_grid_controller_0_0.dcp"/>
  <FileSet Name="sources" Type="BlockSrcs" RelSrcDir="$PSRCDIR/battleship_top_grid_controller_0_0" RelGenDir="$PGENDIR/battleship_top_grid_controller_0_0">
    <File Path="$PSRCDIR/sources_1/bd/battleship_top/ip/battleship_top_grid_controller_0_0/battleship_top_grid_controller_0_0.xci">
      <FileInfo>
        <Attr Name="Library" Val="xil_defaultlib"/>
        <Attr Name="UsedIn" Val="synthesis"/>
        <Attr Name="UsedIn" Val="implementation"/>
        <Attr Name="UsedIn" Val="simulation"/>
      </FileInfo>
    </File>
    <Config>
      <Option Name="TopModule" Val="battleship_top_grid_controller_0_0"/>
      <Option Name="UseBlackboxStub" Val="1"/>
    </Config>
  </FileSet>
  <FileSet Name="constrs_in" Type="BlockSrcs" RelSrcDir="$PSRCDIR/battleship_top_grid_controller_0_0" RelGenDir="$PGENDIR/battleship_top_grid_controller_0_0">
    <File Path="$PSRCDIR/sources_1/bd/battleship_top/ip/battleship_top_grid_controller_0_0/battleship_top_grid_controller_0_0.xci">
      <FileInfo>
        <Attr Name="Library" Val="xil_defaultlib"/>
        <Attr Name="UsedIn" Val="synthesis"/>
        <Attr Name="UsedIn" Val="implementation"/>
        <Attr Name="UsedIn" Val="simulation"/>
      </FileInfo>
    </File>
    <Config>
      <Option Name="TopModule" Val="battleship_top_grid_controller_0_0"/>
      <Option Name="UseBlackboxStub" Val="1"/>
    </Config>
  </FileSet>
  <FileSet Name="utils" Type="Utils" RelSrcDir="$PSRCDIR/utils_1" RelGenDir="$PGENDIR/utils_1">
    <Filter Type="Utils"/>
    <File Path="$PSRCDIR/utils_1/imports/synth_1/image_top.dcp">
      <FileInfo>
        <Attr Name="UsedIn" Val="synthesis"/>
        <Attr Name="UsedIn" Val="implementation"/>
        <Attr Name="UsedInSteps" Val="synth_1"/>
        <Attr Name="AutoDcp" Val="1"/>
      </FileInfo>
    </File>
    <Config>
      <Option Name="TopAutoSet" Val="TRUE"/>
    </Config>
  </FileSet>
  <Strategy Version="1" Minor="2">
    <StratHandle Name="Vivado Synthesis Defaults" Flow="Vivado Synthesis 2023"/>
    <Step Id="synth_design"/>
  </Strategy>
</GenRun>
